,start,Mkt-RF_full_ann,Mkt-RF_full_t,Mkt-RF_pre_ann,Mkt-RF_post_ann,SMB_full_ann,SMB_full_t,SMB_pre_ann,SMB_post_ann,HML_full_ann,HML_full_t,HML_pre_ann,HML_post_ann
Developed,1990-07,0.06689302325581394,2.6537665721421737,0.03683703703703703,0.08506119402985074,-0.008656744186046514,-0.7575220384418085,-0.0034000000000000037,-0.01183432835820895,0.031406511627906974,2.0837599736348498,0.06581481481481481,0.010607462686567166
Developed ex-US,1990-07,0.048058604651162795,1.755292956398777,0.012414814814814809,0.0696044776119403,-0.004024186046511628,-0.35357891344935377,-0.003718518518518522,-0.004208955223880596,0.04979720930232558,3.6670256398552077,0.07095555555555555,0.03700746268656716
North America,1990-07,0.08947813953488372,3.5282683376941186,0.07581481481481482,0.09773731343283582,-0.004398139534883715,-0.25628855736983613,0.006481481481481484,-0.010974626865671641,0.017617674418604658,0.8781657303164891,0.05556296296296297,-0.005319402985074622
Europe,1990-07,0.06282697674418605,2.201763066172681,0.045651851851851846,0.0732089552238806,-0.005843720930232561,-0.4765869618860589,-0.02241481481481481,0.004173134328358214,0.041857674418604655,2.786115961608393,0.0756148148148148,0.02145223880597015
Japan,1990-07,0.021588837209302332,0.6824164581701175,-0.0362,0.05652089552238805,-0.002726511627906974,-0.15633743085449198,-0.02379999999999999,0.01001194029850747,0.04754790697674419,2.6411766608082043,0.05189629629629629,0.04491940298507463
Asia Pacific ex-Japan,1990-07,0.07663813953488371,2.3324105120196164,0.06828148148148147,0.08168955223880597,-0.030555348837209298,-1.8722931136822603,-0.036644444444444445,-0.026874626865671637,0.07157023255813952,4.104690582858377,0.10564444444444443,0.050973134328358205
Emerging,1989-07,0.08148597285067874,2.4129045396676423,0.06025517241379312,0.09527014925373134,0.01650135746606335,1.250554916498464,0.048317241379310344,-0.004155223880597018,0.07720995475113124,4.8561652917532285,0.10239999999999999,0.060855223880597026
